{"type": "FeatureCollection", "features": [{"type": "Feature", "geometry": {"type": "Point", "coordinates": [-76.8760285, 40.8004751]}, "properties": {"man_made": "surveillance", "surveillance:type": "camera"}}, {"type": "Feature", "geometry": {"type": "Point", "coordinates": [-76.7884121, 40.8659154]}, "properties": {"camera:mount": "wall", "camera:type": "panning", "man_made": "surveillance", "operator": "home owner", "surveillance": "outdoor", "surveillance:type": "camera"}}, {"type": "Feature", "geometry": {"type": "Point", "coordinates": [-76.7945356, 40.8622284]}, "properties": {"camera:mount": "pole", "camera:type": "dome", "man_made": "surveillance", "operator": "City", "surveillance": "public", "surveillance:type": "camera", "pe_cameras": "NA", "pe_data_retention": "30 days", "pe_vehicles_detected": "218635", "pe_searches": "NA", "pe_hotlist_hits": "NA", "pe_portal_url": "https://transparency.flocksafety.com/michigan-city-in-pd", "pe_external_orgs": "Addison IL PD, Adrian MI PD, Adrian Township MI PD , Akron OH PD, Alexandria IN PD, Algonquin IL PD, Allegan County SO MI, Allen Park PD MI, Alsip IL PD, Anderson PD IN, Antioch IL PD, Appleton WI PD, Arcanum OH PD, Arcola IL PD, Arlington Heights IL PD , ATF Nashville TN, Athens IL PD, Attorney General of Illinois - Medicare Fraud Division, Auburn Hills MI PD, Auburn IN PD, Aurora IL PD, Avon IN PD, Baldwin County GA SO, Ball State University IN PD, Bannockburn IL PD, Baraboo WI PD, Bargersville IN PD, Barrington Hills IL PD, Barrington IL PD, Bartholomew County IN SO, Bartlett IL PD, Bartonville IL PD, Batavia IL PD, Beaver Dam WI PD, Beech Grove IN PD, Beecher IL PD, Bellefontaine OH PD, Belleville WI PD, Bellwood IL PD, Belmont WI PD, Belvidere IL PD, Bement IL PD , Bensenville IL PD, Benton Charter Township Police MI, Benton Harbor Department of Public Safety MI, Berkeley IL PD, Berkley Dept of Public Safety MI, Berrien County MI SO, Berwyn IL PD, Birmingham MI PD, Blackman/Leoni Public Safety MI, Bloomfield NM PD, Bloomfield Twp MI PD, Bloomington IL PD, Blount County Commission (AL), Blue Ash OH PD, Blue Island IL PD, Bluffton IN PD, BNSF IL PD, Bolingbrook IL PD, Boone County IL SO, Boone County IN SO, Bourbonnais IL PD, Bowling Green OH PD, Bradley IL PD, Bradley University Campus IL PD, Braidwood IL PD, Branch County MI SO, Bremen IN PD, Bridgeview IL PD, Bristol IN PD, Broadview IL PD, Brookfield IL PD, Brookfield WI PD, Brookston IN PD, Brown County SO IN, Brown County WI SO, Brown Deer WI PD, Brownsburg IN PD, Brownstown Twp PD MI, Brownsville WI PD, Bryan OH PD, Buffalo Grove IL PD, Bullitt County KY SO, Burbank IL PD, Bureau Co. IL SO, Burlington WI PD, Burnham IL PD , Burns Harbor IN PD, Burr Ridge IL PD, Burton MI PD, Butler County OH SO, Butler Township OH PD, Butler WI PD, Caledonia WI PD, Calhoun County MI SO, Calumet City IL PD, Calumet County WI SO, Calumet Park IL PD, Camanche IA PD, Campton Hills IL PD, Canton IL PD, Canton Township MI PD, Carmel IN PD, Carol Stream IL PD, Carpentersville IL PD, Cary IL PD, Cass County MI SO, Cedar Lake IN PD, Cedarburg WI PD, Center Grove School Police (IN), Champaign County IL SO, Champaign IL PD, Channahon IL PD, Charleston IL PD, Chenequa WI PD, Cherry Valley IL PD, Chesapeake VA PD , Chesterfield County VA PD, Chesterfield PD IN, Chesterton IN PD , Chicago Heights IL PD, Chicago IL PD, Chicago Ridge IL PD, Chikaming Twp MI PD, Chillicothe IL PD , Chrisman IL PD , Cicero IL PD, Cicero IN PD, Clarendon Hills IL PD, Clark-Pleasant Police Department - IN PD , Clay County IN SO, Claypool IN PD, Clayton OH PD, Clearwater FL PD, Clinton Co IA Communications Center, Clinton IA PD, Clinton IL PD, Cloverdale IN PD, CN Railroad IL PD, Coal Valley IL PD , Cobb County GA PD, Coffeyville KS PD, Coldwater MI PD, Coles County IL SO , Collier County FL SO, Colona IL PD, Columbia County WI SO, Columbus IN PD, Columbus WI PD, Community Health PD IN, Concordia University Ann Arbor (MI), Connersville IN PD, Cook County IL Sheriff's PD, Cook County States Attorney's Office IL PD, Cottage Grove WI PD, Country Club Hills IL PD, Countryside IL PD, Covert Township PD MI, Crawford County IL SO , Crawfordsville IN PD, Crest Hill IL PD, Crestwood IL PD, Crete IL PD, Creve Coeur IL PD, Crystal Lake IL PD, Cudahy WI PD, Cumberland Metro IN PD, Dane County WI SO, Danville IL PD, Danville IN PD, Darien IL PD, Davenport IA PD, Davison Township MI PD, Dayton IN PD, Dayton OH PD, De Pere WI PD, Dearborn Heights MI PD, Dearborn MI PD, Decatur County IN Prosecutor's Office, Decatur County IN SO, Decatur IL PD, Decatur Park District IL PD, Deerfield IL PD, Deforest WI PD, Dekalb County IL SO, Dekalb IL PD, Delafield WI PD, Delaware County IN SO, Delphi IN PD, Delphos OH PD, Des Plaines IL PD, Dewitt County IL SO, Diamond IL PD, Dixmoor IL PD, Dixon IL PD , Dodge County WI SO, Dodgeville WI PD, Dolton IL PD, Douglas County IL SO, Downers Grove IL PD, Dubois County IN SO, Dubuque IA PD, DuComb Center IN, DuPage Co IL Prosecutor Office, DuPage County Forest Preserve IL PD, DuPage County IL SO, East Dundee IL PD, East Hazel Crest IL PD, East Moline IL PD, East Peoria IL PD, Ecorse MI PD, Edgar County IL SO, Edgewood IN PD, Edinburgh IN PD, El Paso IL PD, Elburn IL PD, Elgin IL PD, Elizabethtown KY PD, Elk Grove IL PD, Elkhart County IN SO, Elkhart PD IN, Elkhorn WI PD, Ellettsville PD IN, Elm Grove WI PD, Elmhurst IL PD, Elmore OH PD, Elmwood Park IL PD, Elwood IL PD, Elwood IN PD, Englewood OH PD, Enon OH PD, Eureka IL PD , Evanston IL PD, Evansville IN PD, Evergreen Park IL PD, Fairborn OH PD, Fairmount IN PD, Farmer City IL PD, Farmington Dept of Public Safety MI, Farmington Hills MI PD, Fayette County IN SO, Fayette OH PD, FBI, Fenton MI PD, Ferdinand IN PD, Ferndale MI PD, Fishers IN PD, Fitchburg WI PD, Five Rivers MetroParks OH PD, Flat Rock MI PD , Flint MI PD, Flint Township MI PD, Flossmoor IL PD, Floyd County IN SO, Flushing City MI PD, Fon du Lac Park District IL PD, Fond du Lac County WI SO, Fond Du Lac WI PD, Forest Park IL PD, Forest View IL PD, Fort Loramie OH PD, Fort Wayne IN PD , Fortville IN PD, Fox Lake IL PD, Fox River Grove IL PD, Fox Valley Metro WI PD, Frankfort IL PD, Frankfort IN PD, Franklin IN PD, Franklin Park IL PD, Franklin Village PD MI, Franklin WI PD, Freeport IL PD, Fremont OH PD, Fulton County IL SO, Fulton County IN SO , Fulton County OH SO, Fulton IL PD, Galesburg IL PD, Garden City MI PD, Gary IN PD, Genesee Co. MI 911 Dispatch Authority, Genesee County MI SO, Geneseo IL PD , Geneva IL PD, Genoa City WI PD, German Township OH PD, Germantown WI PD, Glasford IL PD, Glen Ellyn IL PD, Glencoe IL PD, Glendale Heights IL PD, Glendale WI PD, Glenview IL PD, Glenwood IL PD, Golf IL PD , Goshen IN PD, GPSDC (Glenview Dispatch), Grad Rapids MI PD, Grafton WI PD, Grand Beach/Michiana MI PD, Grand Blanc Twp MI PD, Grand Chute WI PD, Grand Rapids MI PD, Grandville PD MI, Grant County IN SO, Grayslake IL PD , Green Lake County WI SO, Green Oaks PD IL, Greencastle IN PD, Greendale WI PD, Greenfield IN PD, Greenfield WI PD, Greensboro PD IN, Greensburg IN PD, Greenwood IN PD, Grosse Ile MI PD, Grundy CO SO, Grundy County IL SO, Gurnee IL PD, Hamilton County IN SO, Hampshire IL PD, Hancock County IN SO, Hanover Park IL PD , Hardin County OH SO, Harper Community College IL PD, Harrison County IN SO, Hartford MI PD , Hartford WI PD, Hartland Wisconsin WI PD, Harvard IL PD, Harvey IL PD, Harwood Heights IL PD, Hawthorn Woods IL PD , Hazel Crest IL PD, Hazel Park MI PD, Hebron IL PD, Hebron IN PD, Hendricks County IN SO, Henry County IN SO, Henry County OH SO, Hickory Hills IL PD, Highland Park IL PD , Highland PD IN, Highwood IL PD, Hillside IL PD, Hinsdale IL PD, Hobart IN PD , Hodgkins IL PD, Hoffman Estates IL PD, Holland MI PD, Holland OH PD, Hometown IL PD, Homewood AL PD, Homewood IL PD, Hoopeston IL PD , Hope IN PD, Hopkinsville KY PD, Houston TX PD, Howard County IN SO, Huber Heights OH PD, Hume PD IL , Huntington County IN SO, Huntington IN PD, Huntley IL PD , Huntsville AL PD, Illinois Attorney General, Illinois Gaming Board IL PD, Illinois State Police, Illinois Statewide Auto Theft Taskforce, Indian Head Park IL PD, Indiana Department of Corrections, Indiana Dunes National Park IN PD, Indiana HIDTA , Indiana State Police IN PD, Indiana University IN PD, Indianapolis International Airport IN PD, Indianapolis Metro PD IN, Ingalls IN PD, Inkster MI PD, Inverness IL PD, Iowa County WI SO, Iron Ridge WI PD, Iroquois IL SO , Island Lake IL PD, Itasca IL PD, Jackson Center OH PD, Jackson County Central Dispatch MI, Jackson County MI SO, Jackson MI PD, Jackson WI PD, Jamestown PD IN, Janesville WI PD, Jasper County IN SO, Jefferson County MO SO, Jefferson County SO IN, Jefferson County WI SO, Jennings County IN SO, Johnsburg IL PD, Johnson County IN SO, Joliet IL PD, Joliet Junior College IL PD , Justice IL PD, Kalamazoo County MI SO, Kalamazoo MI PD, Kalamazoo Township MI PD, Kane County Forest Preserve IL PD , Kane County IL SO, Kankakee County IL SO, Kankakee IL PD, Kansas IL PD, Kaukauna WI PD, KenCom IL PD Dispatch Center, Kenilworth Village IL PD, Kenosha County WI SO, Kenosha WI Joint Services, Kenosha WI PD, Kent County MI SO, Kentwood MI PD, Kettering OH PD , Kewanee IL PD , Kildeer IL PD, Kingsford Heights IN PD, Kohler WI PD, Kokomo IN PD, Kosciusko County IN SO, Kouts IN PD, La Grange IL PD, La Grange Park IL PD, La Salle County IL PD, Ladd IL PD, Lafayette County WI SO, Lafayette IN PD, LaGrange County SO IN, Lake County IL SO , Lake Delton WI PD, Lake Forest IL PD, Lake In The Hills IL PD, Lake Station IN PD, Lake Villa IL PD, Lake Zurich IL PD, Lakewood IL PD , Lansing IL PD, Lansing MI PD, Lapel IN PD, Laporte County IN SO , Laporte IN PD, Lasalle IL PD , Lawrence County IN SO, Lawrence IN PD, Lebanon IN PD , Lemont IL PD, Lenawee County MI SO, LeRoy IL PD, Lewis University IL PD, Liberty IN PD, Libertyville IL PD, Ligonier IN PD, Lima OH PD, Lincoln Land Community College IL PD , Lincoln Park MI PD, Lincoln Township PD MI, Lincolnshire IL PD, Lincolnwood IL PD, Linden IN PD, Lisle IL PD, Livingston County IL SO, Livingston County MI SO, Lockport IL PD , Lodi WI PD, Lombard IL PD, Long Beach IN PD, Louisville Metro KY PD, Loves Park IL PD, Lowell MI PD, Lucas County OH SO, Lyons IL PD, Mackinaw IL PD, Macon County IL SO, Madison County IN SO, Madison Township MI PD, Mahomet IL PD, Manitowoc WI PD, Manteno IL PD, Maple Bluff WI PD, Marengo IL PD, Marian University Campus IN PD, Marion AR PD, Marion County IN SO, Marion IN PD, Markham IL PD, Markle IN PD, Marquette County WI SO, Marseilles IL PD, Marshall County Prosecutors Office IN, Marysville OH PD, Mattawan MI PD , Matteson IL PD, Mattoon IL PD, Maumee OH PD, Mayville WI PD, Mazon IL PD, McCook IL PD, McCordsville IN PD, McHenry County Conservation District IL PD, McHenry County IL SO, McHenry IL PD, Mclean County IL SO, Melrose Park IL PD, Menasha WI PD, Menomonee Falls WI PD, Mentone PD IN, Mequon WI PD, Mercer County OH SO, Merrionette Park IL PD, Metamora IL PD, Metcom Disptach Center IL, Metro Police Authority of Genesee County MI, Miami County OH SO, Miami County Park District OH Rangers, Miamisburg OH PD , Michigan Department of Corrections (MDOC), Michigan State Police, Middlebury IN PD, Middleton WI PD, Middletown OH PD, Midland MI PD, Midlothian IL PD, Milan IL PD , Milan MI PD, Milford IL PD, Milford MI PD, Milford PD IN, Milikin University IL PD, Milwaukee County WI DA's Office, Milwaukee County WI SO, Milwaukee WI PD - STAC, Minooka IL PD, Mishawaka PD IN, Missouri State Highway Patrol, Mokena IL PD, Moline IL PD, Monee IL PD, Monon IN PD, Monona WI PD, Monroe County IN SO, Monroe County MI SO , Montezuma IN PD, Montgomery County IN Communications Center, Montgomery County IN SO, Montgomery County OH SO, Monticello IL PD , Monticello WI PD, Montone PD IN, Mooresville IN PD, Moraine OH PD, Morgan County IN SO, Morris IL PD, Morrison IL PD, Morton Grove IL PD, Morton IL PD, Mount Morris Township PD MI, Mount Pleasant WI PD, Mount Prospect IL PD, Mount Vernon IN PD, Mt. Zion IL PD, Muncie IN PD, Mundelein IL PD, Murfreesboro TN PD, Muskego WI PD, Muskegon Heights MI PD, Muskegon MI PD, Naperville IL PD, Naperville Park District IL PD, Napoleon OH PD, Napoleon Twp MI PD, Nappanee IN PD, Nashville IN PD, Neenah WI PD, New Albany IN PD, New Berlin WI PD, New Bremen OH PD, New Buffalo MI PD, New Carlisle IN PD, New Castle IN PD, New Chicago IN PD, New Lenox IL PD, Newton County IN SO, Niles IL PD, Noblesville IN PD, Norfolk Southern RR IL PD, Normal IL PD , Norridge IL PD, North Aurora IL PD, North Chicago IL PD, North Fond Du Lac WI PD , North Hampton OH PD, North Pekin IL PD, North Riverside IL PD, North Vernon IN PD, Northbrook IL PD, Northfield IL PD, Northlake IL PD, Norton Shores MI PD, Norwood OH PD, Novi MI PD, Oak Brook IL PD , Oak Creek WI PD, Oak Forest IL PD, Oak Lawn IL PD, Oak Park IL PD, Oakbrook Terrace IL PD, Oakland County MI SO, Oakland IL PD , Oakwood IL PD, Oconomowoc WI PD, Ogden Dunes IN PD, Ogle County IL SO, Oglesby IL PD , Ohio State Highway Patrol, OLREC IL Dispatch, Olympia Fields IL PD, Ontario CA PD, Oolitic Marshals Office, Orange County FL SO, Oregon OH PD, Orland Park IL PD, Oshkosh WI PD, Ossian IN PD, Oswego IL PD, Ottawa County MI SO, Ottawa Hills OH PD, Ottawa IL PD, Outagamie County DA's Office WI, Outagamie County WI SO, Overland Park KS PD, Owen County IN SO, Owosso MI PD, Oxford OH PD, Ozaukee County WI SO, Palatine IL PD, Palos Heights IL PD, Palos Hills IL PD, Palos Park IL PD, Paris IL PD, Park City IL PD, Park Ridge IL PD, Parke County IN SO, Parkland College IL PD , Paulding County OH SO, Paxton IL PD , Pekin IL PD, Pendleton IN PD, Peoria County IL SO, Peoria Heights IL PD, Peoria IL PD, Peotone IL PD , Perrysburg OH PD, Perrysburg Twp OH PD, Peru IL PD, Piatt County IL Sheriff , Pierceton PD IN, Pittsboro IN PD, Pittsfield Twp MI PD, Plainfield IL PD, Plainfield IN PD, Plainwell Department Of Public Safety MI, Plano IL PD, Platteville WI PD, Pleasant Prairie WI PD, Pleasant Ridge MI PD, Plymouth MI PD, Plymouth PD IN, Plymouth WI PD, Pokagon Tribal MI PD, Pontiac IL PD, Port Washington WI PD, Portage IN PD, Portage MI PD, Portage WI PD, Porter County IN SO, Porter PD IN, Portland TN PD, Posen IL PD, Poynette WI PD, Prairie Grove IL PD, Preble County OH SO, Promedica OH PD, Prospect Heights IL PD, Pulaski County IN SO, Purdue University IN PD, Putnam County IL SO, Putnam County IN SO, QComm911 Dispatch IL, Queen Creek AZ PD, Racine County WI Communications Center, Racine County WI SO, Racine WI PD, Rantoul IL PD, Redford Twp MI PD, Richland Community College Campus IL PD, Richland Village MI PD, Richmond IN PD, Richmond VA PD, Richton Park IL PD, RIG WI DTF, Ripon WI PD, River Forest IL PD, River Grove IL PD , River Hills WI PD, River Rouge MI PD, Riverdale IL PD, Riverside OH PD, Riverton IL PD , Riverwoods IL PD, Robbins IL PD, Robeson County NC SO, Rochelle IL PD, Rochester IN PD, Rock County WI SO, Rock Falls IL PD, Rock Island IL PD, Rockdale IL PD , Rockford Dept of Public Safety MI, Rockford IL PD, Rockford MI DPS, Rockford Park District IL PD , Rockport IN PD, Rockton IL PD, Rolling Meadows IL PD, Romeoville IL PD, Romulus MI PD, Roscoe IL PD, Roseland IN PD, Roselle IL PD , Rosemont IL PD, Rosendale WI PD, Rossford OH PD, Rossville IL PD, Roudebush Medical Center Veterans Affairs IN PD, Round Lake Beach IL PD, Round Lake IL PD, Round Lake Park IL PD, Royal Oak MI PD, Rush County IN SO, Rushville IN PD, Saginaw Valley State University PD (MI), Saint Croix Falls WI PD, Saint Francis WI PD, Sangamon County IL SO, Sarasota FL PD, Sauk County WI SO, Sauk Prairie WI PD, Sauk Village IL PD, Saukville WI PD, Schaumburg IL PD, Schiller Park IL PD, Scott County IA SO, Scott County IN SO, SEECOM Dispatch Center IL, Seelyville IN PD, Seneca IL PD, Seymour IN PD , Sheboygan County WI SO, Sheboygan WI PD, Shelby County IN SO, Shelbyville IN PD , Sherman IL PD, Shorewood IL PD, Shorewood WI PD, Sidney OH PD, Silver Lake PD IN, Silvis IL PD, Skokie IL PD, SLED - South Carolina Law Enforcement Division, Slinger WI PD, Solon OH PD, South Barrington IL PD, South Beloit IL PD, South Bend IN Airport Transit PD , South Bend IN PD, South Chicago Heights IL PD, South Elgin IL PD, South Haven MI PD, South Holland IL PD, South Milwaukee WI PD, South Sioux City NE PD , Southfield MI PD, Southgate MI PD, Speedway IN PD, Spencer County IN SO, Spring Arbor MI PD, Spring Valley IL PD, Springfield IL PD, Springfield MO PD, Springfield Park District IL PD, Springport Twp MI PD, St. Charles IL PD, St. Joseph County SO IN, St. Joseph Department of Public Safety MI, St. Joseph Township MI PD, Starke County IN SO, Steger IL PD, Stephenson County IL SO, Sterling Heights MI PD, Stickney IL PD, Stinesville IN PD, Stoughton WI PD, Streamwood IL PD, Streator IL PD, Strongsville OH PD, Sturgis MI PD, Sturtevant WI PD, Sullivan County IN SO, Summit IL PD, Summitville IN PD , Sumner County TN SO, Sumpter Twp MI PD, Sun Prairie WI PD, Swanton OH PD, Sycamore IL PD , Sylvania OH PD, Syracuse IN PD, Tarpon Springs FL PD, Taylor MI PD, Taylorville IL PD, Tazewell County IL SO, Tecumseh MI PD, Tell City IN PD, Theresa WI PD, Thiensville WI PD, Thornton CO PD, Thornton IL PD, Thorntown IN PD, Three Rivers MI PD, Tilton IL PD, Tinley Park IL PD, Tipp City OH PD, Tippecanoe County IN SO, Titusville FL PD, Toledo OH PD, Trenton OH PD, Trenton PD MI, Trotwood OH PD, Troy OH PD, Twin Lakes WI PD, Union City IN PD, Union City OH PD, Union OH PD, University of Chicago PD, University of Illinois - Chicago IL PD, University of Illinois at Urbana-Champaign IL PD, University of Indianapolis IN PD , University of Notre Dame PD (IN), University of Toledo OH PD, University of Wisconsin - Madison WI PD, University of Wisconsin - Milwaukee WI PD, University of Wisconsin - Oshkosh PD, University Park IL PD, US Postal Inspection Service, Valparaiso PD IN, Van Buren MI PD, Vandalia OH PD, Vermillion County IN SO, Vernon Hills IL PD, Verona WI PD, Vicksburg MI PD, Vigo County IN SO, Villa Park IL PD, Village of Bayside WI PD, Village of Bloomingdale IL PD, Village of Fox Crossing WI PD, Village of Fox Point WI PD, Village of Homer Glen IL PD, Village of LaGrange Park IL PD, Village of Lynwood IL PD, Village of Manhattan IL PD, Village of Park Forest IL PD, Village of Pewaukee WI PD, Vincennes IN PD, Wabash County IN SO, Wabash IN PD, Wakarusa IN PD, Walker MI PD, Walkerton IN PD, Walworth County WI SO, Warren County IN SO, Warrenville IL PD, Warsaw PD IN, Washington County WI SO, Washington IL PD, Washtenaw County MI SO, Waterford Township PD- MI, Watertown WI PD, Watseka IL PD, Wauconda IL PD, Waukegan IL PD, Waukesha County WI Communications Center , Waukesha County WI SO, Waukesha WI PD, Waunakee WI PD, Waupun WI PD, Wauwatosa WI PD, Wayne IL PD, Wells County IN SO, Wescom IL Dispatch Center, West Allis WI PD, West Bend WI PD, West Bloomfield Twp MI PD, West Carrollton OH PD, West Central Consolidated Communications IL PD, West Chicago IL PD, West Dundee IL PD, West Lafayette IN PD, West Milton OH PD, West Milwaukee WI PD, West Terre Haute IN PD, Westchester IL PD, Western Michigan University MI PD, Western Springs IL PD, Westfield IN PD, Westland MI PD, Westmont IL PD, Westville IN PD, Wheaton IL PD, Wheeling IL PD , White County IN SO, White Lake Twp MI PD, Whitefish Bay WI PD, Whiteside County Dispatch Center IL, Whiteside County IL SO, Whitestown IN PD, Whitewater WI PD, WI Department of Justice, Wichita Falls TX PD , Will County IL SO, Will County State Attorney's Office (IL), Williamsville IL PD, Willow Springs IL PD, Willowbrook IL PD, Wilmette IL PD , Wilmington IL PD, Winfield IL PD, Winnebago County IL SO, Winnebago County WI SO, Winneconne WI PD, Winnetka IL PD, Winona Lake PD - IN, Winthrop Harbor IL PD, Wisconsin Dells WI PD, Wixom MI PD, Wolverine Lake MI PD, Wonder Lake IL PD, Wood Dale IL PD, Woodford County IL SO, Woodridge IL PD, Woodstock GA PD, Woodstock IL PD, Woodville OH PD, Worth IL PD, Wrightstown WI PD, Wyandot County OH SO, Wyandotte MI PD, Wyoming MI PD, Zeeland PD MI, Zion IL PD, Zionsville IN PD", "pe_sharing_count": 968}}], "networks": [{"from": [40.8622284, -76.7945356], "from_name": "City", "sharing_count": 968, "connections": [{"to": [41.941838, -87.988832], "to_name": "Addison IL PD"}, {"to": [41.8749339, -84.0314148], "to_name": "Adrian MI PD"}, {"to": [41.0449769, -81.4368818], "to_name": "Akron OH PD"}, {"to": [38.9575765, -84.3943365], "to_name": "Alexandria IN PD"}, {"to": [42.1649931, -88.3272947], "to_name": "Algonquin IL PD"}, {"to": [41.6696735, -87.7317547], "to_name": "Alsip IL PD"}, {"to": [42.479766, -88.098509], "to_name": "Antioch IL PD"}, {"to": [44.2602248, -88.4113552], "to_name": "Appleton WI PD"}, {"to": [42.0813929, -87.9789763], "to_name": "Arlington Heights IL PD"}, {"to": [35.4512809, -84.5976597], "to_name": "Athens IL PD"}, {"to": [42.6623538, -83.2450819], "to_name": "Auburn Hills MI PD"}, {"to": [38.9507927, -121.0794702], "to_name": "Auburn IN PD"}, {"to": [39.5903196, -104.7085078], "to_name": "Aurora IL PD"}, {"to": [41.8059184, -72.8196229], "to_name": "Avon IN PD"}, {"to": [40.1949525, -85.4074664], "to_name": "Ball State University IN PD"}, {"to": [42.1542013, -88.1073617], "to_name": "Barrington IL PD"}, {"to": [41.9911142, -88.1855271], "to_name": "Bartlett IL PD"}, {"to": [40.6509921, -89.6518431], "to_name": "Bartonville IL PD"}, {"to": [43.0160053, -78.1922833], "to_name": "Batavia IL PD"}, {"to": [43.4564335, -88.8165643], "to_name": "Beaver Dam WI PD"}, {"to": [39.7159683, -86.0790124], "to_name": "Beech Grove IN PD"}, {"to": [41.342337, -87.6287496], "to_name": "Beecher IL PD"}, {"to": [39.8230356, -97.6318947], "to_name": "Belleville WI PD"}, {"to": [41.8812275, -87.8721867], "to_name": "Bellwood IL PD"}, {"to": [43.4424252, -71.4807916], "to_name": "Belmont WI PD"}, {"to": [42.2655819, -88.8449497], "to_name": "Belvidere IL PD"}, {"to": [41.9455664, -87.9538305], "to_name": "Bensenville IL PD"}, {"to": [37.86781, -122.25902], "to_name": "Berkeley IL PD"}, {"to": [41.8364499, -87.7853461], "to_name": "Berwyn IL PD"}, {"to": [42.5324368, -83.2240844], "to_name": "Birmingham MI PD"}, {"to": [42.5986219, -97.6461803], "to_name": "Bloomfield NM PD"}, {"to": [39.1685093, -86.5335227], "to_name": "Bloomington IL PD"}, {"to": [39.2365702, -84.3891747], "to_name": "Blue Ash OH PD"}, {"to": [41.6560157, -87.682327], "to_name": "Blue Island IL PD"}, {"to": [40.7269876, -85.1704775], "to_name": "Bluffton IN PD"}, {"to": [41.6965385, -88.0804513], "to_name": "Bolingbrook IL PD"}, {"to": [41.6913812, -98.0022418], "to_name": "Boone County IL SO"}, {"to": [41.6913812, -98.0022418], "to_name": "Boone County IN SO"}, {"to": [41.1590276, -87.8880659], "to_name": "Bourbonnais IL PD"}, {"to": [27.6379946, -81.8235248], "to_name": "Bowling Green OH PD"}, {"to": [33.098422, -93.6571077], "to_name": "Bradley IL PD"}, {"to": [41.2643444, -88.2176299], "to_name": "Braidwood IL PD"}, {"to": [41.9673665, -85.0014214], "to_name": "Branch County MI SO"}, {"to": [33.723527, -85.1420765], "to_name": "Bremen IN PD"}, {"to": [41.7550033, -87.8051771], "to_name": "Bridgeview IL PD"}, {"to": [41.6705786, -72.9801733], "to_name": "Bristol IN PD"}, {"to": [43.0266471, -88.107001], "to_name": "Brookfield IL PD"}, {"to": [43.0266471, -88.107001], "to_name": "Brookfield WI PD"}, {"to": [40.6025851, -86.8658846], "to_name": "Brookston IN PD"}, {"to": [42.5505549, -99.8640125], "to_name": "Brown County WI SO"}, {"to": [43.1819531, -87.9702349], "to_name": "Brown Deer WI PD"}, {"to": [35.5952467, -89.2628336], "to_name": "Brownsville WI PD"}, {"to": [41.456303, -84.5508247], "to_name": "Bryan OH PD"}, {"to": [42.1998691, -87.9692501], "to_name": "Buffalo Grove IL PD"}, {"to": [37.988031, -85.715953], "to_name": "Bullitt County KY SO"}, {"to": [34.1714549, -118.3032477], "to_name": "Burbank IL PD"}, {"to": [38.1897332, -95.7369626], "to_name": "Burlington WI PD"}, {"to": [41.6322592, -87.55598], "to_name": "Burnham IL PD"}, {"to": [41.7487949, -87.9165708], "to_name": "Burr Ridge IL PD"}, {"to": [42.9752163, -83.6331533], "to_name": "Burton MI PD"}, {"to": [37.8170167, -96.8507944], "to_name": "Butler County OH SO"}, {"to": [40.7710102, -76.3268469], "to_name": "Butler Township OH PD"}, {"to": [41.4152335, -84.8707875], "to_name": "Butler WI PD"}, {"to": [43.6344135, -91.4945852], "to_name": "Caledonia WI PD"}, {"to": [42.3952005, -94.634141], "to_name": "Calhoun County MI SO"}, {"to": [41.6157102, -87.5548833], "to_name": "Calumet City IL PD"}, {"to": [41.668021, -87.6535187], "to_name": "Calumet Park IL PD"}, {"to": [41.7861801, -90.2580152], "to_name": "Camanche IA PD"}, {"to": [41.9359053, -88.4002923], "to_name": "Campton Hills IL PD"}, {"to": [42.1563416, -71.1490706], "to_name": "Canton IL PD"}, {"to": [39.9490556, -86.1268201], "to_name": "Carmel IN PD"}, {"to": [41.9160096, -88.1214024], "to_name": "Carol Stream IL PD"}, {"to": [35.7897276, -78.7796905], "to_name": "Cary IL PD"}, {"to": [40.7577161, -86.1791555], "to_name": "Cass County MI SO"}, {"to": [40.1130397, -88.2057844], "to_name": "Champaign County IL SO"}, {"to": [40.1127679, -88.2797202], "to_name": "Champaign IL PD"}, {"to": [41.4371345, -88.2199215], "to_name": "Channahon IL PD"}, {"to": [32.7892331, -79.959561], "to_name": "Charleston IL PD"}, {"to": [35.4031617, -90.7530425], "to_name": "Cherry Valley IL PD"}, {"to": [36.7679843, -76.2042131], "to_name": "Chesapeake VA PD"}, {"to": [37.4376959, -77.6851893], "to_name": "Chesterfield County VA PD"}, {"to": [41.6114413, -87.0626767], "to_name": "Chesterton IN PD"}, {"to": [41.501764, -87.6356337], "to_name": "Chicago Heights IL PD"}, {"to": [41.9858332, -87.7877242], "to_name": "Chicago IL PD"}, {"to": [41.7022123, -87.7785416], "to_name": "Chicago Ridge IL PD"}, {"to": [40.9160139, -89.4860964], "to_name": "Chillicothe IL PD"}, {"to": [41.850747, -87.7473088], "to_name": "Cicero IL PD"}, {"to": [41.850747, -87.7473088], "to_name": "Cicero IN PD"}, {"to": [41.7949448, -87.9645569], "to_name": "Clarendon Hills IL PD"}, {"to": [30.1898841, -81.7114663], "to_name": "Clay County IN SO"}, {"to": [39.2897129, -75.6352568], "to_name": "Clayton OH PD"}, {"to": [37.504355, -97.5053661], "to_name": "Clearwater FL PD"}, {"to": [41.2786026, -72.5281378], "to_name": "Clinton IA PD"}, {"to": [41.2786026, -72.5281378], "to_name": "Clinton IL PD"}, {"to": [33.917025, -84.4751928], "to_name": "Cobb County GA PD"}, {"to": [37.0374657, -95.6160586], "to_name": "Coffeyville KS PD"}, {"to": [41.9367136, -84.9760573], "to_name": "Coldwater MI PD"}, {"to": [26.1285257, -81.7635615], "to_name": "Collier County FL SO"}, {"to": [43.3139493, -89.5268329], "to_name": "Columbia County WI SO"}, {"to": [45.6410472, -109.2535074], "to_name": "Columbus IN PD"}, {"to": [45.6410472, -109.2535074], "to_name": "Columbus WI PD"}, {"to": [43.7975704, -123.0636619], "to_name": "Cottage Grove WI PD"}, {"to": [41.5713453, -87.7079902], "to_name": "Country Club Hills IL PD"}, {"to": [41.7747702, -87.8785758], "to_name": "Countryside IL PD"}, {"to": [35.4345871, -94.3560806], "to_name": "Crawford County IL SO"}, {"to": [40.0445283, -86.9002449], "to_name": "Crawfordsville IN PD"}, {"to": [41.5712133, -88.1164798], "to_name": "Crest Hill IL PD"}, {"to": [38.5590352, -90.3863108], "to_name": "Crestwood IL PD"}, {"to": [41.4438267, -87.6328903], "to_name": "Crete IL PD"}, {"to": [38.6616049, -90.442236], "to_name": "Creve Coeur IL PD"}, {"to": [42.9524923, -87.8495279], "to_name": "Cudahy WI PD"}, {"to": [43.0717384, -89.383854], "to_name": "Dane County WI SO"}, {"to": [40.8659051, -91.3158109], "to_name": "Danville IL PD"}, {"to": [40.8659051, -91.3158109], "to_name": "Danville IN PD"}, {"to": [41.0607525, -73.5065358], "to_name": "Darien IL PD"}, {"to": [28.1596509, -81.6003231], "to_name": "Davenport IA PD"}, {"to": [43.0146687, -83.555811], "to_name": "Davison Township MI PD"}, {"to": [42.2608089, -94.0713451], "to_name": "Dayton IN PD"}, {"to": [42.2608089, -94.0713451], "to_name": "Dayton OH PD"}, {"to": [42.2687476, -83.30887], "to_name": "Dearborn Heights MI PD"}, {"to": [42.2826816, -83.2315404], "to_name": "Dearborn MI PD"}, {"to": [40.7405117, -93.7456116], "to_name": "Decatur County IN SO"}, {"to": [34.5525831, -86.9785574], "to_name": "Decatur IL PD"}, {"to": [42.4792011, -72.6081267], "to_name": "Deerfield IL PD"}, {"to": [33.8423769, -84.2702974], "to_name": "Dekalb County IL SO"}, {"to": [41.9304044, -88.7673722], "to_name": "Dekalb IL PD"}, {"to": [43.0556991, -88.4043351], "to_name": "Delafield WI PD"}, {"to": [42.483261, -91.4549741], "to_name": "Delaware County IN SO"}, {"to": [39.2741025, -97.7669033], "to_name": "Delphos OH PD"}, {"to": [42.042412, -87.8885869], "to_name": "Des Plaines IL PD"}, {"to": [29.0927371, -97.2884708], "to_name": "Dewitt County IL SO"}, {"to": [41.8420402, -89.4830326], "to_name": "Dixon IL PD"}, {"to": [43.4451147, -88.7515253], "to_name": "Dodge County WI SO"}, {"to": [41.6396505, -87.6104215], "to_name": "Dolton IL PD"}, {"to": [47.4078711, -120.2871804], "to_name": "Douglas County IL SO"}]}]}