{"type": "FeatureCollection", "features": [{"type": "Feature", "geometry": {"type": "Point", "coordinates": [-114.9236652, 36.0843649]}, "properties": {"camera:type": "fixed", "direction": "25", "man_made": "surveillance", "manufacturer": "Motorola Solutions", "manufacturer:wikidata": "Q634815", "operator": "Henderson", "operator:wikidata": "Q49267", "surveillance:type": "ALPR", "pe_cameras": "10", "pe_data_retention": "30 days", "pe_vehicles_detected": "424746", "pe_searches": "198", "pe_hotlist_hits": "421", "pe_portal_url": "https://transparency.flocksafety.com/henderson-county-nc-so-", "pe_external_orgs": "18th Judicial District Drug Task Force - TN PD, Adairsville GA PD, Alabama Department of Revenue, Albany GA PD, Alcoa TN PD, Alexander County NC SO, Altoona IA PD, Amberley Village OH PD, Anderson County SC SO, Anderson PD IN, Anderson SC PD, Anna TX PD, App State University NC PD, Appalachian Regional Healthcare System NC PD, Asheboro NC PD, ATF Nashville TN, Athens-Clarke County GA PD, Atlanta GA PD, Austell GA PD, Bainbridge GA PD, Baldwin County GA SO, Banks County GA SO, Barrow County GA SO, Bartow County GA SO, Belmont NC PD, Ben Hill County GA SO, Bessemer City NC PD, Bibb County SO GA, Black Mountain NC PD, Bloomfield NM PD, Blount County Commission (AL), Blue Ash OH PD, Blue Springs MO PD, Boiling Springs NC PD, Boone County AR SO, Boone NC PD, Branson MO PD, Brantley County GA SO, Brookhaven GA PD, Brunswick County SO - NC , Brunswick County VA SO, Buncombe County NC SO, Burke County NC SO, Burr Ridge IL PD, Butler County OH SO, Byron GA PD , Cabarrus County NC SO, Caldwell County NC SO, Calhoun County AL SO, Calhoun GA PD, Camden SC PD, Canton GA PD, Carolina Beach NC PD , Carrollton GA PD, Carteret County NC SO, Cartersville GA PD, Catawba County NC SO, Catawba Nation Tribal SC PD , Centerville GA PD, Chadbourn NC PD, Chambers County AL SO, Chamblee GA PD, Charleston County SC SO, Charleston SC PD, Charlotte Mecklenburg NC PD, Chatham County GA PD, Cherokee County GA SO, Chesterfield County VA PD, Chesterton IN PD , City of Franklin VA PD, City of Sawmills NC, Clarkston GA PD, Clarksville VA PD, Clayton County GA PD, Clayton County GA SO, Clearwater FL PD, Clemson SC PD, Cleveland County NC SO , Coal Valley IL PD , Cobb County GA PD, Cobb County GA SO, Cocke County TN SO, Coconut Creek FL PD, Coffeyville KS PD, College Park GA PD, Colquitt County GA SO, Columbia County DA's Office GA, Columbia County GA SO, Columbus County NC SO, Columbus GA PD, Columbus NC PD, Concord NC PD, Conover NC PD, Conyers GA PD, Coral Springs FL PD, Craven County ABC Board (NC), Creedmoor NC PD, Crisp County GA SO, Cumberland County TN SO, Dare County NC SO, Davidson NC PD, Davie County NC SO, Decatur GA PD, DeKalb County GA PD, Department of Natural Resources - GA, DoC Intelligence Unit (GA), Dodge County GA SO, Dougherty County GA PD , Douglasville GA PD, Dunn NC PD, Dunwoody GA PD, Durham County NC SO, Durham NC PD, East Point GA PD, Eatonton GA PD, Edgecombe County NC SO, Elizabethton TN PD, Elizabethtown KY PD, Elizabethtown NC PD, Ellijay GA PD, Elon University NC PD, Emerson GA PD, Escambia County FL SO, Fairburn GA PD, Fairmont NC PD, Fannin County GA SO, Fayette County TN SO, Fayetteville GA PD, Fitzgerald GA PD, Florida City FL PD, Flowery Branch GA PD, Floyd County GA PD, Forsyth County GA SO, Forsyth County NC SO, Fort Worth TX PD , Franklin County GA SO, Franklin County NC SO, Franklin Springs GA PD , Franklinton NC PD, Fulton County GA SO, Fuquay-Varina NC PD, Furman University SC PD, Gainesville GA PD, Garner NC PD, Gaston County NC PD, Gastonia NC PD, Gatlinburg TN PD , Georgia Bureau of Investigation, Georgia Southern University PD (GA), Gibsonville NC PD, Greenville County SC SO, Greenville GA PD, Greenville SC PD, Greer SC PD, Griffin GA PD, Guadalupe County Constable TX Pct 3, Gwinnett County GA PD, Gwinnett County GA SO, Habersham County GA SO, Hall County GA SO, Hart County GA SO, Helena AL PD, Henderson NC PD, Henry County GA PD, Hoke County NC SO, Houston County GA District Attorney's Office, Houston Metro Transit Authority (TX), Houston TX PD, Hudson NC PD, Huntersville PD NC, Huntsville AL PD, Iredell County NC SO, Jackson County NC SO, Jasper AL PD, Jefferson County MO SO, Jefferson GA PD, Johns Creek GA PD, Jonesboro AR PD, Kernersville NC PD, Kings Mountain NC PD, Knightdale NC PD, Knox County TN SO, Knoxville TN PD, La Marque TX PD, LaGrange KY PD, Lake City GA PD, Lake Clarke Shores FL PD, Lancaster County SC SO , Lantana FL PD, Laurens County GA SO, Lavonia GA PD, Lawrence District Attorney PA, Lee County GA SO, Leesburg AL PD, Lexington SC PD, Lilburn GA PD, Locust Grove GA PD, Loganville GA PD, Long County GA SO, Louisburg NC PD, Lowndes County GA SO, Lyons GA PD, Margate FL PD, Marion AR PD, Matteson IL PD, Matthews NC PD, McCaysville GA PD, McHenry County IL SO, Mebane NC PD, Mecklenburg County NC SO, Meriwether County GA SO, Middle Georgia State University Campus PD, Milton GA PD, Mint Hill NC PD, Monroe County GA SO, Monroe NC PD, Montezuma GA PD, Montgomery County VA SO, Moody AL PD, Mooresville NC PD, Morrow GA PD , Mount Airy NC PD, Mount Holly NC PD, Mount Vernon IN PD, Murfreesboro TN PD, Murray County GA SO, Muscogee County GA SO, Nags Head NC PD, Nash County NC SO, Nashville NC PD , NC - Rowan County SO - Insight Omnia, NCRIC, New York State Police NY, Newnan GA PD, Newport TN PD, Newton County GA SO, North Augusta SC PD, North Charleston SC PD, Norwood OH PD, Ocean Ridge FL PD, Oconee County GA SO, Office of Commissioner of Insurance and Safety Fire (GA), Onondaga County NY SO , Ottawa IL PD, Overland Park KS PD, Oxford GA PD, Oxford MS PD, Park Hills MO PD, Paulding County GA SO, Peachtree City GA PD, Pelham AL PD, Pembroke NC PD, Peotone IL PD , Perry GA PD, Pickens County SC SO, Pineville NC PD, Pittsboro IN PD, Polk County NC SO, Pooler GA PD, Powder Springs GA PD, Prescott AZ PD, Putnam County GA SO, Radcliff KY PD, Rice University TX PD, Richland County SC SO, Richmond County NC SO, Richmond Hill GA PD, Richmond VA PD, Riviera Beach FL PD, Roanoke Rapids NC PD, Robeson County NC SO, Rockdale County GA SO, Rocky Mount NC PD, Rossville GA PD, Rowan County NC SO, Roxboro NC PD, Rutherford County NC SO, Sale City GA PD , Sandy Springs GA PD, Sarasota FL PD, Sauk Prairie WI PD, Sauk Village IL PD, Savannah GA PD, Scarborough ME PD, Scottsdale AZ PD, Seminole County GA SO, Seneca SC PD, Senoia GA PD, Sevier County TN SO, Sharpsburg NC PD, Sheridan AR PD, Simpsonville SC PD, SLED - South Carolina Law Enforcement Division, Snellville GA PD, Soperton GA PD, South Boston VA PD, South Fulton GA PD, South Hill VA PD, Spartanburg County SC SO, Spartanburg SC PD, Springfield MO PD, St Pauls NC PD, St. Edward's University (TX), Statesboro GA PD, Statesville NC PD, Sterling Heights MI PD, Stevens Point WI PD, Suffolk County NY SO, Sumner County TN SO, Sumter County GA SO , Sumter County SC SO, Surf City NC PD, Suwanee GA PD, Tarpon Springs FL PD, Taylorsville NC PD, Thornton CO PD, Titusville FL PD, TN ROCIC, Town of Connelly Springs/Burke Co Sheriff's Office (BCSO) NC, Town of Hildebran (NC), Town of Rutherford College (NC), Troutman NC PD, Tryon NC PD, Turner County GA SO, Ulysses KS PD, Union County NC SO, University of Georgia GA PD, University of North Carolina at Pembroke NC PD, University of North Carolina Charlotte (NC), University of North Georgia PD (GA), US Postal Inspection Service, Valdosta State University GA PD, Vance County NC SO, Venice FL PD, Vestavia Hills AL PD, Vidalia GA PD, Villa Rica GA PD, Wadesboro NC PD, Wake Forest NC PD, WakeMed Campus PD and Public Safety (NC), Walker County GA SO, Walton County GA SO, Warner Robins GA PD, Wartburg TN PD, Washington County GA SO, Watauga County NC SO, Watkinsville GA PD, Waxhaw NC PD, Waycross GA PD, West Chester OH PD, West Palm Beach FL PD, West Point GA PD, West Terre Haute IN PD, White County GA SO, Whiteville NC PD, Whitfield County GA SO, WI Department of Justice, Wichita Falls TX PD , Wilson NC PD, Winder GA PD, Winston Salem NC PD, Winston Salem State University NC PD, Woodstock GA PD, Wyoming OH PD, Yancey County NC SO, York County VA SO, Zebulon NC PD", "pe_sharing_count": 367}}, {"type": "Feature", "geometry": {"type": "Point", "coordinates": [-114.9240439, 36.0844677]}, "properties": {"camera:type": "fixed", "direction": "40", "man_made": "surveillance", "manufacturer": "Motorola Solutions", "manufacturer:wikidata": "Q634815", "operator": "Henderson", "operator:wikidata": "Q49267", "surveillance:type": "ALPR", "pe_cameras": "10", "pe_data_retention": "30 days", "pe_vehicles_detected": "424746", "pe_searches": "198", "pe_hotlist_hits": "421", "pe_portal_url": "https://transparency.flocksafety.com/henderson-county-nc-so-", "pe_external_orgs": "18th Judicial District Drug Task Force - TN PD, Adairsville GA PD, Alabama Department of Revenue, Albany GA PD, Alcoa TN PD, Alexander County NC SO, Altoona IA PD, Amberley Village OH PD, Anderson County SC SO, Anderson PD IN, Anderson SC PD, Anna TX PD, App State University NC PD, Appalachian Regional Healthcare System NC PD, Asheboro NC PD, ATF Nashville TN, Athens-Clarke County GA PD, Atlanta GA PD, Austell GA PD, Bainbridge GA PD, Baldwin County GA SO, Banks County GA SO, Barrow County GA SO, Bartow County GA SO, Belmont NC PD, Ben Hill County GA SO, Bessemer City NC PD, Bibb County SO GA, Black Mountain NC PD, Bloomfield NM PD, Blount County Commission (AL), Blue Ash OH PD, Blue Springs MO PD, Boiling Springs NC PD, Boone County AR SO, Boone NC PD, Branson MO PD, Brantley County GA SO, Brookhaven GA PD, Brunswick County SO - NC , Brunswick County VA SO, Buncombe County NC SO, Burke County NC SO, Burr Ridge IL PD, Butler County OH SO, Byron GA PD , Cabarrus County NC SO, Caldwell County NC SO, Calhoun County AL SO, Calhoun GA PD, Camden SC PD, Canton GA PD, Carolina Beach NC PD , Carrollton GA PD, Carteret County NC SO, Cartersville GA PD, Catawba County NC SO, Catawba Nation Tribal SC PD , Centerville GA PD, Chadbourn NC PD, Chambers County AL SO, Chamblee GA PD, Charleston County SC SO, Charleston SC PD, Charlotte Mecklenburg NC PD, Chatham County GA PD, Cherokee County GA SO, Chesterfield County VA PD, Chesterton IN PD , City of Franklin VA PD, City of Sawmills NC, Clarkston GA PD, Clarksville VA PD, Clayton County GA PD, Clayton County GA SO, Clearwater FL PD, Clemson SC PD, Cleveland County NC SO , Coal Valley IL PD , Cobb County GA PD, Cobb County GA SO, Cocke County TN SO, Coconut Creek FL PD, Coffeyville KS PD, College Park GA PD, Colquitt County GA SO, Columbia County DA's Office GA, Columbia County GA SO, Columbus County NC SO, Columbus GA PD, Columbus NC PD, Concord NC PD, Conover NC PD, Conyers GA PD, Coral Springs FL PD, Craven County ABC Board (NC), Creedmoor NC PD, Crisp County GA SO, Cumberland County TN SO, Dare County NC SO, Davidson NC PD, Davie County NC SO, Decatur GA PD, DeKalb County GA PD, Department of Natural Resources - GA, DoC Intelligence Unit (GA), Dodge County GA SO, Dougherty County GA PD , Douglasville GA PD, Dunn NC PD, Dunwoody GA PD, Durham County NC SO, Durham NC PD, East Point GA PD, Eatonton GA PD, Edgecombe County NC SO, Elizabethton TN PD, Elizabethtown KY PD, Elizabethtown NC PD, Ellijay GA PD, Elon University NC PD, Emerson GA PD, Escambia County FL SO, Fairburn GA PD, Fairmont NC PD, Fannin County GA SO, Fayette County TN SO, Fayetteville GA PD, Fitzgerald GA PD, Florida City FL PD, Flowery Branch GA PD, Floyd County GA PD, Forsyth County GA SO, Forsyth County NC SO, Fort Worth TX PD , Franklin County GA SO, Franklin County NC SO, Franklin Springs GA PD , Franklinton NC PD, Fulton County GA SO, Fuquay-Varina NC PD, Furman University SC PD, Gainesville GA PD, Garner NC PD, Gaston County NC PD, Gastonia NC PD, Gatlinburg TN PD , Georgia Bureau of Investigation, Georgia Southern University PD (GA), Gibsonville NC PD, Greenville County SC SO, Greenville GA PD, Greenville SC PD, Greer SC PD, Griffin GA PD, Guadalupe County Constable TX Pct 3, Gwinnett County GA PD, Gwinnett County GA SO, Habersham County GA SO, Hall County GA SO, Hart County GA SO, Helena AL PD, Henderson NC PD, Henry County GA PD, Hoke County NC SO, Houston County GA District Attorney's Office, Houston Metro Transit Authority (TX), Houston TX PD, Hudson NC PD, Huntersville PD NC, Huntsville AL PD, Iredell County NC SO, Jackson County NC SO, Jasper AL PD, Jefferson County MO SO, Jefferson GA PD, Johns Creek GA PD, Jonesboro AR PD, Kernersville NC PD, Kings Mountain NC PD, Knightdale NC PD, Knox County TN SO, Knoxville TN PD, La Marque TX PD, LaGrange KY PD, Lake City GA PD, Lake Clarke Shores FL PD, Lancaster County SC SO , Lantana FL PD, Laurens County GA SO, Lavonia GA PD, Lawrence District Attorney PA, Lee County GA SO, Leesburg AL PD, Lexington SC PD, Lilburn GA PD, Locust Grove GA PD, Loganville GA PD, Long County GA SO, Louisburg NC PD, Lowndes County GA SO, Lyons GA PD, Margate FL PD, Marion AR PD, Matteson IL PD, Matthews NC PD, McCaysville GA PD, McHenry County IL SO, Mebane NC PD, Mecklenburg County NC SO, Meriwether County GA SO, Middle Georgia State University Campus PD, Milton GA PD, Mint Hill NC PD, Monroe County GA SO, Monroe NC PD, Montezuma GA PD, Montgomery County VA SO, Moody AL PD, Mooresville NC PD, Morrow GA PD , Mount Airy NC PD, Mount Holly NC PD, Mount Vernon IN PD, Murfreesboro TN PD, Murray County GA SO, Muscogee County GA SO, Nags Head NC PD, Nash County NC SO, Nashville NC PD , NC - Rowan County SO - Insight Omnia, NCRIC, New York State Police NY, Newnan GA PD, Newport TN PD, Newton County GA SO, North Augusta SC PD, North Charleston SC PD, Norwood OH PD, Ocean Ridge FL PD, Oconee County GA SO, Office of Commissioner of Insurance and Safety Fire (GA), Onondaga County NY SO , Ottawa IL PD, Overland Park KS PD, Oxford GA PD, Oxford MS PD, Park Hills MO PD, Paulding County GA SO, Peachtree City GA PD, Pelham AL PD, Pembroke NC PD, Peotone IL PD , Perry GA PD, Pickens County SC SO, Pineville NC PD, Pittsboro IN PD, Polk County NC SO, Pooler GA PD, Powder Springs GA PD, Prescott AZ PD, Putnam County GA SO, Radcliff KY PD, Rice University TX PD, Richland County SC SO, Richmond County NC SO, Richmond Hill GA PD, Richmond VA PD, Riviera Beach FL PD, Roanoke Rapids NC PD, Robeson County NC SO, Rockdale County GA SO, Rocky Mount NC PD, Rossville GA PD, Rowan County NC SO, Roxboro NC PD, Rutherford County NC SO, Sale City GA PD , Sandy Springs GA PD, Sarasota FL PD, Sauk Prairie WI PD, Sauk Village IL PD, Savannah GA PD, Scarborough ME PD, Scottsdale AZ PD, Seminole County GA SO, Seneca SC PD, Senoia GA PD, Sevier County TN SO, Sharpsburg NC PD, Sheridan AR PD, Simpsonville SC PD, SLED - South Carolina Law Enforcement Division, Snellville GA PD, Soperton GA PD, South Boston VA PD, South Fulton GA PD, South Hill VA PD, Spartanburg County SC SO, Spartanburg SC PD, Springfield MO PD, St Pauls NC PD, St. Edward's University (TX), Statesboro GA PD, Statesville NC PD, Sterling Heights MI PD, Stevens Point WI PD, Suffolk County NY SO, Sumner County TN SO, Sumter County GA SO , Sumter County SC SO, Surf City NC PD, Suwanee GA PD, Tarpon Springs FL PD, Taylorsville NC PD, Thornton CO PD, Titusville FL PD, TN ROCIC, Town of Connelly Springs/Burke Co Sheriff's Office (BCSO) NC, Town of Hildebran (NC), Town of Rutherford College (NC), Troutman NC PD, Tryon NC PD, Turner County GA SO, Ulysses KS PD, Union County NC SO, University of Georgia GA PD, University of North Carolina at Pembroke NC PD, University of North Carolina Charlotte (NC), University of North Georgia PD (GA), US Postal Inspection Service, Valdosta State University GA PD, Vance County NC SO, Venice FL PD, Vestavia Hills AL PD, Vidalia GA PD, Villa Rica GA PD, Wadesboro NC PD, Wake Forest NC PD, WakeMed Campus PD and Public Safety (NC), Walker County GA SO, Walton County GA SO, Warner Robins GA PD, Wartburg TN PD, Washington County GA SO, Watauga County NC SO, Watkinsville GA PD, Waxhaw NC PD, Waycross GA PD, West Chester OH PD, West Palm Beach FL PD, West Point GA PD, West Terre Haute IN PD, White County GA SO, Whiteville NC PD, Whitfield County GA SO, WI Department of Justice, Wichita Falls TX PD , Wilson NC PD, Winder GA PD, Winston Salem NC PD, Winston Salem State University NC PD, Woodstock GA PD, Wyoming OH PD, Yancey County NC SO, York County VA SO, Zebulon NC PD", "pe_sharing_count": 367}}, {"type": "Feature", "geometry": {"type": "Point", "coordinates": [-114.9238074, 36.0846322]}, "properties": {"camera:type": "fixed", "direction": "185", "man_made": "surveillance", "manufacturer": "Motorola Solutions", "manufacturer:wikidata": "Q634815", "operator": "Henderson", "operator:wikidata": "Q49267", "surveillance:type": "ALPR", "pe_cameras": "10", "pe_data_retention": "30 days", "pe_vehicles_detected": "424746", "pe_searches": "198", "pe_hotlist_hits": "421", "pe_portal_url": "https://transparency.flocksafety.com/henderson-county-nc-so-", "pe_external_orgs": "18th Judicial District Drug Task Force - TN PD, Adairsville GA PD, Alabama Department of Revenue, Albany GA PD, Alcoa TN PD, Alexander County NC SO, Altoona IA PD, Amberley Village OH PD, Anderson County SC SO, Anderson PD IN, Anderson SC PD, Anna TX PD, App State University NC PD, Appalachian Regional Healthcare System NC PD, Asheboro NC PD, ATF Nashville TN, Athens-Clarke County GA PD, Atlanta GA PD, Austell GA PD, Bainbridge GA PD, Baldwin County GA SO, Banks County GA SO, Barrow County GA SO, Bartow County GA SO, Belmont NC PD, Ben Hill County GA SO, Bessemer City NC PD, Bibb County SO GA, Black Mountain NC PD, Bloomfield NM PD, Blount County Commission (AL), Blue Ash OH PD, Blue Springs MO PD, Boiling Springs NC PD, Boone County AR SO, Boone NC PD, Branson MO PD, Brantley County GA SO, Brookhaven GA PD, Brunswick County SO - NC , Brunswick County VA SO, Buncombe County NC SO, Burke County NC SO, Burr Ridge IL PD, Butler County OH SO, Byron GA PD , Cabarrus County NC SO, Caldwell County NC SO, Calhoun County AL SO, Calhoun GA PD, Camden SC PD, Canton GA PD, Carolina Beach NC PD , Carrollton GA PD, Carteret County NC SO, Cartersville GA PD, Catawba County NC SO, Catawba Nation Tribal SC PD , Centerville GA PD, Chadbourn NC PD, Chambers County AL SO, Chamblee GA PD, Charleston County SC SO, Charleston SC PD, Charlotte Mecklenburg NC PD, Chatham County GA PD, Cherokee County GA SO, Chesterfield County VA PD, Chesterton IN PD , City of Franklin VA PD, City of Sawmills NC, Clarkston GA PD, Clarksville VA PD, Clayton County GA PD, Clayton County GA SO, Clearwater FL PD, Clemson SC PD, Cleveland County NC SO , Coal Valley IL PD , Cobb County GA PD, Cobb County GA SO, Cocke County TN SO, Coconut Creek FL PD, Coffeyville KS PD, College Park GA PD, Colquitt County GA SO, Columbia County DA's Office GA, Columbia County GA SO, Columbus County NC SO, Columbus GA PD, Columbus NC PD, Concord NC PD, Conover NC PD, Conyers GA PD, Coral Springs FL PD, Craven County ABC Board (NC), Creedmoor NC PD, Crisp County GA SO, Cumberland County TN SO, Dare County NC SO, Davidson NC PD, Davie County NC SO, Decatur GA PD, DeKalb County GA PD, Department of Natural Resources - GA, DoC Intelligence Unit (GA), Dodge County GA SO, Dougherty County GA PD , Douglasville GA PD, Dunn NC PD, Dunwoody GA PD, Durham County NC SO, Durham NC PD, East Point GA PD, Eatonton GA PD, Edgecombe County NC SO, Elizabethton TN PD, Elizabethtown KY PD, Elizabethtown NC PD, Ellijay GA PD, Elon University NC PD, Emerson GA PD, Escambia County FL SO, Fairburn GA PD, Fairmont NC PD, Fannin County GA SO, Fayette County TN SO, Fayetteville GA PD, Fitzgerald GA PD, Florida City FL PD, Flowery Branch GA PD, Floyd County GA PD, Forsyth County GA SO, Forsyth County NC SO, Fort Worth TX PD , Franklin County GA SO, Franklin County NC SO, Franklin Springs GA PD , Franklinton NC PD, Fulton County GA SO, Fuquay-Varina NC PD, Furman University SC PD, Gainesville GA PD, Garner NC PD, Gaston County NC PD, Gastonia NC PD, Gatlinburg TN PD , Georgia Bureau of Investigation, Georgia Southern University PD (GA), Gibsonville NC PD, Greenville County SC SO, Greenville GA PD, Greenville SC PD, Greer SC PD, Griffin GA PD, Guadalupe County Constable TX Pct 3, Gwinnett County GA PD, Gwinnett County GA SO, Habersham County GA SO, Hall County GA SO, Hart County GA SO, Helena AL PD, Henderson NC PD, Henry County GA PD, Hoke County NC SO, Houston County GA District Attorney's Office, Houston Metro Transit Authority (TX), Houston TX PD, Hudson NC PD, Huntersville PD NC, Huntsville AL PD, Iredell County NC SO, Jackson County NC SO, Jasper AL PD, Jefferson County MO SO, Jefferson GA PD, Johns Creek GA PD, Jonesboro AR PD, Kernersville NC PD, Kings Mountain NC PD, Knightdale NC PD, Knox County TN SO, Knoxville TN PD, La Marque TX PD, LaGrange KY PD, Lake City GA PD, Lake Clarke Shores FL PD, Lancaster County SC SO , Lantana FL PD, Laurens County GA SO, Lavonia GA PD, Lawrence District Attorney PA, Lee County GA SO, Leesburg AL PD, Lexington SC PD, Lilburn GA PD, Locust Grove GA PD, Loganville GA PD, Long County GA SO, Louisburg NC PD, Lowndes County GA SO, Lyons GA PD, Margate FL PD, Marion AR PD, Matteson IL PD, Matthews NC PD, McCaysville GA PD, McHenry County IL SO, Mebane NC PD, Mecklenburg County NC SO, Meriwether County GA SO, Middle Georgia State University Campus PD, Milton GA PD, Mint Hill NC PD, Monroe County GA SO, Monroe NC PD, Montezuma GA PD, Montgomery County VA SO, Moody AL PD, Mooresville NC PD, Morrow GA PD , Mount Airy NC PD, Mount Holly NC PD, Mount Vernon IN PD, Murfreesboro TN PD, Murray County GA SO, Muscogee County GA SO, Nags Head NC PD, Nash County NC SO, Nashville NC PD , NC - Rowan County SO - Insight Omnia, NCRIC, New York State Police NY, Newnan GA PD, Newport TN PD, Newton County GA SO, North Augusta SC PD, North Charleston SC PD, Norwood OH PD, Ocean Ridge FL PD, Oconee County GA SO, Office of Commissioner of Insurance and Safety Fire (GA), Onondaga County NY SO , Ottawa IL PD, Overland Park KS PD, Oxford GA PD, Oxford MS PD, Park Hills MO PD, Paulding County GA SO, Peachtree City GA PD, Pelham AL PD, Pembroke NC PD, Peotone IL PD , Perry GA PD, Pickens County SC SO, Pineville NC PD, Pittsboro IN PD, Polk County NC SO, Pooler GA PD, Powder Springs GA PD, Prescott AZ PD, Putnam County GA SO, Radcliff KY PD, Rice University TX PD, Richland County SC SO, Richmond County NC SO, Richmond Hill GA PD, Richmond VA PD, Riviera Beach FL PD, Roanoke Rapids NC PD, Robeson County NC SO, Rockdale County GA SO, Rocky Mount NC PD, Rossville GA PD, Rowan County NC SO, Roxboro NC PD, Rutherford County NC SO, Sale City GA PD , Sandy Springs GA PD, Sarasota FL PD, Sauk Prairie WI PD, Sauk Village IL PD, Savannah GA PD, Scarborough ME PD, Scottsdale AZ PD, Seminole County GA SO, Seneca SC PD, Senoia GA PD, Sevier County TN SO, Sharpsburg NC PD, Sheridan AR PD, Simpsonville SC PD, SLED - South Carolina Law Enforcement Division, Snellville GA PD, Soperton GA PD, South Boston VA PD, South Fulton GA PD, South Hill VA PD, Spartanburg County SC SO, Spartanburg SC PD, Springfield MO PD, St Pauls NC PD, St. Edward's University (TX), Statesboro GA PD, Statesville NC PD, Sterling Heights MI PD, Stevens Point WI PD, Suffolk County NY SO, Sumner County TN SO, Sumter County GA SO , Sumter County SC SO, Surf City NC PD, Suwanee GA PD, Tarpon Springs FL PD, Taylorsville NC PD, Thornton CO PD, Titusville FL PD, TN ROCIC, Town of Connelly Springs/Burke Co Sheriff's Office (BCSO) NC, Town of Hildebran (NC), Town of Rutherford College (NC), Troutman NC PD, Tryon NC PD, Turner County GA SO, Ulysses KS PD, Union County NC SO, University of Georgia GA PD, University of North Carolina at Pembroke NC PD, University of North Carolina Charlotte (NC), University of North Georgia PD (GA), US Postal Inspection Service, Valdosta State University GA PD, Vance County NC SO, Venice FL PD, Vestavia Hills AL PD, Vidalia GA PD, Villa Rica GA PD, Wadesboro NC PD, Wake Forest NC PD, WakeMed Campus PD and Public Safety (NC), Walker County GA SO, Walton County GA SO, Warner Robins GA PD, Wartburg TN PD, Washington County GA SO, Watauga County NC SO, Watkinsville GA PD, Waxhaw NC PD, Waycross GA PD, West Chester OH PD, West Palm Beach FL PD, West Point GA PD, West Terre Haute IN PD, White County GA SO, Whiteville NC PD, Whitfield County GA SO, WI Department of Justice, Wichita Falls TX PD , Wilson NC PD, Winder GA PD, Winston Salem NC PD, Winston Salem State University NC PD, Woodstock GA PD, Wyoming OH PD, Yancey County NC SO, York County VA SO, Zebulon NC PD", "pe_sharing_count": 367}}], "networks": [{"from": [36.0843649, -114.9236652], "from_name": "Henderson", "sharing_count": 367, "connections": [{"to": [34.367673, -84.9346812], "to_name": "Adairsville GA PD"}, {"to": [42.7096679, -89.4388631], "to_name": "Albany GA PD"}, {"to": [41.6106512, -93.4691756], "to_name": "Altoona IA PD"}, {"to": [39.2104476, -84.43037], "to_name": "Amberley Village OH PD"}, {"to": [40.4686924, -122.3166197], "to_name": "Anderson SC PD"}, {"to": [33.9590178, -83.3759883], "to_name": "Athens-Clarke County GA PD"}, {"to": [33.8393096, -84.3798045], "to_name": "Atlanta GA PD"}, {"to": [43.4424252, -71.4807916], "to_name": "Belmont NC PD"}, {"to": [35.6187644, -82.321325], "to_name": "Black Mountain NC PD"}, {"to": [42.5986219, -97.6461803], "to_name": "Bloomfield NM PD"}, {"to": [39.2365702, -84.3891747], "to_name": "Blue Ash OH PD"}, {"to": [41.6913812, -98.0022418], "to_name": "Boone County AR SO"}, {"to": [42.0614767, -93.8803289], "to_name": "Boone NC PD"}, {"to": [36.6413055, -93.2177808], "to_name": "Branson MO PD"}, {"to": [39.8765897, -75.3919594], "to_name": "Brookhaven GA PD"}, {"to": [34.058518, -78.1650494], "to_name": "Brunswick County VA SO"}, {"to": [35.7500856, -81.5246593], "to_name": "Burke County NC SO"}, {"to": [41.7487949, -87.9165708], "to_name": "Burr Ridge IL PD"}, {"to": [37.8170167, -96.8507944], "to_name": "Butler County OH SO"}, {"to": [42.1264003, -89.2586456], "to_name": "Byron GA PD"}, {"to": [35.4093208, -80.5780352], "to_name": "Cabarrus County NC SO"}, {"to": [37.1089941, -87.8819482], "to_name": "Caldwell County NC SO"}, {"to": [42.3952005, -94.634141], "to_name": "Calhoun County AL SO"}, {"to": [39.9436364, -75.1162321], "to_name": "Camden SC PD"}, {"to": [42.1563416, -71.1490706], "to_name": "Canton GA PD"}, {"to": [34.0438313, -77.8979659], "to_name": "Carolina Beach NC PD"}, {"to": [32.9763291, -96.8868377], "to_name": "Carrollton GA PD"}, {"to": [34.7194392, -76.6619935], "to_name": "Carteret County NC SO"}, {"to": [34.1772988, -84.8110651], "to_name": "Cartersville GA PD"}, {"to": [34.9094593, -80.8789325], "to_name": "Catawba Nation Tribal SC PD"}, {"to": [39.6143413, -84.1647792], "to_name": "Centerville GA PD"}, {"to": [34.3278559, -78.8260055], "to_name": "Chadbourn NC PD"}, {"to": [32.5706099, -80.2814686], "to_name": "Charleston County SC SO"}, {"to": [32.7892331, -79.959561], "to_name": "Charleston SC PD"}, {"to": [35.3032745, -80.7508115], "to_name": "Charlotte Mecklenburg NC PD"}, {"to": [31.9860119, -81.074495], "to_name": "Chatham County GA PD"}, {"to": [31.8090053, -95.1511419], "to_name": "Cherokee County GA SO"}, {"to": [37.4376959, -77.6851893], "to_name": "Chesterfield County VA PD"}, {"to": [41.6114413, -87.0626767], "to_name": "Chesterton IN PD"}, {"to": [46.4135048, -117.0445176], "to_name": "Clarkston GA PD"}, {"to": [37.0366667, -78.9416667], "to_name": "Clarksville VA PD"}, {"to": [42.8569295, -91.3979155], "to_name": "Clayton County GA PD"}, {"to": [42.8569295, -91.3979155], "to_name": "Clayton County GA SO"}, {"to": [37.504355, -97.5053661], "to_name": "Clearwater FL PD"}, {"to": [34.6899637, -82.8303569], "to_name": "Clemson SC PD"}, {"to": [33.9583301, -92.1896921], "to_name": "Cleveland County NC SO"}, {"to": [33.917025, -84.4751928], "to_name": "Cobb County GA PD"}, {"to": [33.917025, -84.4751928], "to_name": "Cobb County GA SO"}, {"to": [26.2589691, -80.1878496], "to_name": "Coconut Creek FL PD"}, {"to": [37.0374657, -95.6160586], "to_name": "Coffeyville KS PD"}, {"to": [33.6539835, -84.451826], "to_name": "College Park GA PD"}, {"to": [43.3139493, -89.5268329], "to_name": "Columbia County GA SO"}, {"to": [34.3368664, -78.7197828], "to_name": "Columbus County NC SO"}, {"to": [45.6410472, -109.2535074], "to_name": "Columbus GA PD"}, {"to": [45.6410472, -109.2535074], "to_name": "Columbus NC PD"}, {"to": [42.4564957, -71.34396], "to_name": "Concord NC PD"}, {"to": [35.7083888, -81.2174425], "to_name": "Conover NC PD"}, {"to": [36.1190277, -78.6872999], "to_name": "Creedmoor NC PD"}, {"to": [31.8321636, -83.7410369], "to_name": "Crisp County GA SO"}, {"to": [37.4964971, -78.2453806], "to_name": "Cumberland County TN SO"}, {"to": [35.9168022, -75.6865171], "to_name": "Dare County NC SO"}, {"to": [34.5525831, -86.9785574], "to_name": "Decatur GA PD"}, {"to": [33.8423769, -84.2702974], "to_name": "DeKalb County GA PD"}, {"to": [43.4451147, -88.7515253], "to_name": "Dodge County GA SO"}, {"to": [35.3066902, -78.6067317], "to_name": "Dunn NC PD"}, {"to": [33.9370759, -84.3387023], "to_name": "Dunwoody GA PD"}, {"to": [36.0768766, -78.910309], "to_name": "Durham NC PD"}, {"to": [33.325908, -83.3908239], "to_name": "Eatonton GA PD"}, {"to": [35.9088673, -77.5602166], "to_name": "Edgecombe County NC SO"}, {"to": [36.3472997, -82.2151232], "to_name": "Elizabethton TN PD"}, {"to": [34.630833, -78.6142694], "to_name": "Elizabethtown KY PD"}, {"to": [34.630833, -78.6142694], "to_name": "Elizabethtown NC PD"}, {"to": [34.6970661, -84.4805323], "to_name": "Ellijay GA PD"}, {"to": [42.2830659, -96.7261369], "to_name": "Emerson GA PD"}, {"to": [30.5261311, -87.2725191], "to_name": "Escambia County FL SO"}, {"to": [34.4934796, -79.1139776], "to_name": "Fairmont NC PD"}, {"to": [33.4448326, -84.4511561], "to_name": "Fayette County TN SO"}, {"to": [35.065169, -78.9671766], "to_name": "Fayetteville GA PD"}, {"to": [36.0664988, -80.277008], "to_name": "Forsyth County GA SO"}, {"to": [36.0664988, -80.277008], "to_name": "Forsyth County NC SO"}, {"to": [32.6787303, -97.4150054], "to_name": "Fort Worth TX PD"}, {"to": [29.7339136, -84.9125293], "to_name": "Franklin County GA SO"}, {"to": [29.7339136, -84.9125293], "to_name": "Franklin County NC SO"}, {"to": [34.2836794, -83.1527548], "to_name": "Franklin Springs GA PD"}, {"to": [30.8434442, -90.1558106], "to_name": "Franklinton NC PD"}, {"to": [43.01815, -74.3507127], "to_name": "Fulton County GA SO"}, {"to": [34.9288266, -82.4353549], "to_name": "Furman University SC PD"}, {"to": [29.6454883, -82.2940577], "to_name": "Gainesville GA PD"}, {"to": [43.1002382, -93.6029894], "to_name": "Garner NC PD"}, {"to": [35.2627934, -81.1887477], "to_name": "Gaston County NC PD"}, {"to": [35.7254319, -83.4801133], "to_name": "Gatlinburg TN PD"}, {"to": [33.0887246, -83.2890147], "to_name": "Georgia Bureau of Investigation"}, {"to": [34.761137, -82.3839699], "to_name": "Greenville County SC SO"}, {"to": [30.4695443, -83.6316215], "to_name": "Greenville GA PD"}, {"to": [30.4695443, -83.6316215], "to_name": "Greenville SC PD"}, {"to": [34.9383865, -82.2280358], "to_name": "Greer SC PD"}, {"to": [34.065752, -83.9722583], "to_name": "Gwinnett County GA PD"}, {"to": [34.065752, -83.9722583], "to_name": "Gwinnett County GA SO"}, {"to": [34.7207069, -100.5292367], "to_name": "Hall County GA SO"}, {"to": [46.585886, -112.0363446], "to_name": "Helena AL PD"}, {"to": [36.0396268, -114.9816702], "to_name": "Henderson NC PD"}, {"to": [38.3726476, -93.7755785], "to_name": "Henry County GA PD"}, {"to": [34.9791896, -79.2171194], "to_name": "Hoke County NC SO"}, {"to": [29.6304288, -95.151581], "to_name": "Houston TX PD"}, {"to": [44.988143, -92.7574868], "to_name": "Hudson NC PD"}, {"to": [34.7384134, -86.5978729], "to_name": "Huntsville AL PD"}, {"to": [42.2224439, -84.3654651], "to_name": "Jackson County NC SO"}, {"to": [36.0089202, -93.1871203], "to_name": "Jasper AL PD"}, {"to": [38.3412014, -90.3986971], "to_name": "Jefferson County MO SO"}, {"to": [42.9913631, -88.8161868], "to_name": "Jefferson GA PD"}, {"to": [34.0204383, -84.271675], "to_name": "Johns Creek GA PD"}, {"to": [35.8428641, -90.6819974], "to_name": "Jonesboro AR PD"}, {"to": [42.6089858, -97.8775056], "to_name": "Knox County TN SO"}, {"to": [41.3166634, -93.0963149], "to_name": "Knoxville TN PD"}, {"to": [41.8148396, -87.8735614], "to_name": "LaGrange KY PD"}, {"to": [35.8170773, -90.4320643], "to_name": "Lake City GA PD"}, {"to": [26.6501872, -80.0766782], "to_name": "Lake Clarke Shores FL PD"}, {"to": [37.7711575, -76.4654291], "to_name": "Lancaster County SC SO"}, {"to": [26.5873592, -80.0671642], "to_name": "Lantana FL PD"}, {"to": [34.4348229, -83.1071024], "to_name": "Lavonia GA PD"}, {"to": [34.7748087, -90.7571768], "to_name": "Lee County GA SO"}, {"to": [34.161879, -85.8067773], "to_name": "Leesburg AL PD"}, {"to": [38.0524589, -84.488323], "to_name": "Lexington SC PD"}, {"to": [36.1945241, -95.1730401], "to_name": "Locust Grove GA PD"}]}, {"from": [36.0844677, -114.9240439], "from_name": "Henderson", "sharing_count": 367, "connections": [{"to": [34.367673, -84.9346812], "to_name": "Adairsville GA PD"}, {"to": [42.7096679, -89.4388631], "to_name": "Albany GA PD"}, {"to": [41.6106512, -93.4691756], "to_name": "Altoona IA PD"}, {"to": [39.2104476, -84.43037], "to_name": "Amberley Village OH PD"}, {"to": [40.4686924, -122.3166197], "to_name": "Anderson SC PD"}, {"to": [33.9590178, -83.3759883], "to_name": "Athens-Clarke County GA PD"}, {"to": [33.8393096, -84.3798045], "to_name": "Atlanta GA PD"}, {"to": [43.4424252, -71.4807916], "to_name": "Belmont NC PD"}, {"to": [35.6187644, -82.321325], "to_name": "Black Mountain NC PD"}, {"to": [42.5986219, -97.6461803], "to_name": "Bloomfield NM PD"}, {"to": [39.2365702, -84.3891747], "to_name": "Blue Ash OH PD"}, {"to": [41.6913812, -98.0022418], "to_name": "Boone County AR SO"}, {"to": [42.0614767, -93.8803289], "to_name": "Boone NC PD"}, {"to": [36.6413055, -93.2177808], "to_name": "Branson MO PD"}, {"to": [39.8765897, -75.3919594], "to_name": "Brookhaven GA PD"}, {"to": [34.058518, -78.1650494], "to_name": "Brunswick County VA SO"}, {"to": [35.7500856, -81.5246593], "to_name": "Burke County NC SO"}, {"to": [41.7487949, -87.9165708], "to_name": "Burr Ridge IL PD"}, {"to": [37.8170167, -96.8507944], "to_name": "Butler County OH SO"}, {"to": [42.1264003, -89.2586456], "to_name": "Byron GA PD"}, {"to": [35.4093208, -80.5780352], "to_name": "Cabarrus County NC SO"}, {"to": [37.1089941, -87.8819482], "to_name": "Caldwell County NC SO"}, {"to": [42.3952005, -94.634141], "to_name": "Calhoun County AL SO"}, {"to": [39.9436364, -75.1162321], "to_name": "Camden SC PD"}, {"to": [42.1563416, -71.1490706], "to_name": "Canton GA PD"}, {"to": [34.0438313, -77.8979659], "to_name": "Carolina Beach NC PD"}, {"to": [32.9763291, -96.8868377], "to_name": "Carrollton GA PD"}, {"to": [34.7194392, -76.6619935], "to_name": "Carteret County NC SO"}, {"to": [34.1772988, -84.8110651], "to_name": "Cartersville GA PD"}, {"to": [34.9094593, -80.8789325], "to_name": "Catawba Nation Tribal SC PD"}, {"to": [39.6143413, -84.1647792], "to_name": "Centerville GA PD"}, {"to": [34.3278559, -78.8260055], "to_name": "Chadbourn NC PD"}, {"to": [32.5706099, -80.2814686], "to_name": "Charleston County SC SO"}, {"to": [32.7892331, -79.959561], "to_name": "Charleston SC PD"}, {"to": [35.3032745, -80.7508115], "to_name": "Charlotte Mecklenburg NC PD"}, {"to": [31.9860119, -81.074495], "to_name": "Chatham County GA PD"}, {"to": [31.8090053, -95.1511419], "to_name": "Cherokee County GA SO"}, {"to": [37.4376959, -77.6851893], "to_name": "Chesterfield County VA PD"}, {"to": [41.6114413, -87.0626767], "to_name": "Chesterton IN PD"}, {"to": [46.4135048, -117.0445176], "to_name": "Clarkston GA PD"}, {"to": [37.0366667, -78.9416667], "to_name": "Clarksville VA PD"}, {"to": [42.8569295, -91.3979155], "to_name": "Clayton County GA PD"}, {"to": [42.8569295, -91.3979155], "to_name": "Clayton County GA SO"}, {"to": [37.504355, -97.5053661], "to_name": "Clearwater FL PD"}, {"to": [34.6899637, -82.8303569], "to_name": "Clemson SC PD"}, {"to": [33.9583301, -92.1896921], "to_name": "Cleveland County NC SO"}, {"to": [33.917025, -84.4751928], "to_name": "Cobb County GA PD"}, {"to": [33.917025, -84.4751928], "to_name": "Cobb County GA SO"}, {"to": [26.2589691, -80.1878496], "to_name": "Coconut Creek FL PD"}, {"to": [37.0374657, -95.6160586], "to_name": "Coffeyville KS PD"}, {"to": [33.6539835, -84.451826], "to_name": "College Park GA PD"}, {"to": [43.3139493, -89.5268329], "to_name": "Columbia County GA SO"}, {"to": [34.3368664, -78.7197828], "to_name": "Columbus County NC SO"}, {"to": [45.6410472, -109.2535074], "to_name": "Columbus GA PD"}, {"to": [45.6410472, -109.2535074], "to_name": "Columbus NC PD"}, {"to": [42.4564957, -71.34396], "to_name": "Concord NC PD"}, {"to": [35.7083888, -81.2174425], "to_name": "Conover NC PD"}, {"to": [36.1190277, -78.6872999], "to_name": "Creedmoor NC PD"}, {"to": [31.8321636, -83.7410369], "to_name": "Crisp County GA SO"}, {"to": [37.4964971, -78.2453806], "to_name": "Cumberland County TN SO"}, {"to": [35.9168022, -75.6865171], "to_name": "Dare County NC SO"}, {"to": [34.5525831, -86.9785574], "to_name": "Decatur GA PD"}, {"to": [33.8423769, -84.2702974], "to_name": "DeKalb County GA PD"}, {"to": [43.4451147, -88.7515253], "to_name": "Dodge County GA SO"}, {"to": [35.3066902, -78.6067317], "to_name": "Dunn NC PD"}, {"to": [33.9370759, -84.3387023], "to_name": "Dunwoody GA PD"}, {"to": [36.0768766, -78.910309], "to_name": "Durham NC PD"}, {"to": [33.325908, -83.3908239], "to_name": "Eatonton GA PD"}, {"to": [35.9088673, -77.5602166], "to_name": "Edgecombe County NC SO"}, {"to": [36.3472997, -82.2151232], "to_name": "Elizabethton TN PD"}, {"to": [34.630833, -78.6142694], "to_name": "Elizabethtown KY PD"}, {"to": [34.630833, -78.6142694], "to_name": "Elizabethtown NC PD"}, {"to": [34.6970661, -84.4805323], "to_name": "Ellijay GA PD"}, {"to": [42.2830659, -96.7261369], "to_name": "Emerson GA PD"}, {"to": [30.5261311, -87.2725191], "to_name": "Escambia County FL SO"}, {"to": [34.4934796, -79.1139776], "to_name": "Fairmont NC PD"}, {"to": [33.4448326, -84.4511561], "to_name": "Fayette County TN SO"}, {"to": [35.065169, -78.9671766], "to_name": "Fayetteville GA PD"}, {"to": [36.0664988, -80.277008], "to_name": "Forsyth County GA SO"}, {"to": [36.0664988, -80.277008], "to_name": "Forsyth County NC SO"}, {"to": [32.6787303, -97.4150054], "to_name": "Fort Worth TX PD"}, {"to": [29.7339136, -84.9125293], "to_name": "Franklin County GA SO"}, {"to": [29.7339136, -84.9125293], "to_name": "Franklin County NC SO"}, {"to": [34.2836794, -83.1527548], "to_name": "Franklin Springs GA PD"}, {"to": [30.8434442, -90.1558106], "to_name": "Franklinton NC PD"}, {"to": [43.01815, -74.3507127], "to_name": "Fulton County GA SO"}, {"to": [34.9288266, -82.4353549], "to_name": "Furman University SC PD"}, {"to": [29.6454883, -82.2940577], "to_name": "Gainesville GA PD"}, {"to": [43.1002382, -93.6029894], "to_name": "Garner NC PD"}, {"to": [35.2627934, -81.1887477], "to_name": "Gaston County NC PD"}, {"to": [35.7254319, -83.4801133], "to_name": "Gatlinburg TN PD"}, {"to": [33.0887246, -83.2890147], "to_name": "Georgia Bureau of Investigation"}, {"to": [34.761137, -82.3839699], "to_name": "Greenville County SC SO"}, {"to": [30.4695443, -83.6316215], "to_name": "Greenville GA PD"}, {"to": [30.4695443, -83.6316215], "to_name": "Greenville SC PD"}, {"to": [34.9383865, -82.2280358], "to_name": "Greer SC PD"}, {"to": [34.065752, -83.9722583], "to_name": "Gwinnett County GA PD"}, {"to": [34.065752, -83.9722583], "to_name": "Gwinnett County GA SO"}, {"to": [34.7207069, -100.5292367], "to_name": "Hall County GA SO"}, {"to": [46.585886, -112.0363446], "to_name": "Helena AL PD"}, {"to": [36.0396268, -114.9816702], "to_name": "Henderson NC PD"}, {"to": [38.3726476, -93.7755785], "to_name": "Henry County GA PD"}, {"to": [34.9791896, -79.2171194], "to_name": "Hoke County NC SO"}, {"to": [29.6304288, -95.151581], "to_name": "Houston TX PD"}, {"to": [44.988143, -92.7574868], "to_name": "Hudson NC PD"}, {"to": [34.7384134, -86.5978729], "to_name": "Huntsville AL PD"}, {"to": [42.2224439, -84.3654651], "to_name": "Jackson County NC SO"}, {"to": [36.0089202, -93.1871203], "to_name": "Jasper AL PD"}, {"to": [38.3412014, -90.3986971], "to_name": "Jefferson County MO SO"}, {"to": [42.9913631, -88.8161868], "to_name": "Jefferson GA PD"}, {"to": [34.0204383, -84.271675], "to_name": "Johns Creek GA PD"}, {"to": [35.8428641, -90.6819974], "to_name": "Jonesboro AR PD"}, {"to": [42.6089858, -97.8775056], "to_name": "Knox County TN SO"}, {"to": [41.3166634, -93.0963149], "to_name": "Knoxville TN PD"}, {"to": [41.8148396, -87.8735614], "to_name": "LaGrange KY PD"}, {"to": [35.8170773, -90.4320643], "to_name": "Lake City GA PD"}, {"to": [26.6501872, -80.0766782], "to_name": "Lake Clarke Shores FL PD"}, {"to": [37.7711575, -76.4654291], "to_name": "Lancaster County SC SO"}, {"to": [26.5873592, -80.0671642], "to_name": "Lantana FL PD"}, {"to": [34.4348229, -83.1071024], "to_name": "Lavonia GA PD"}, {"to": [34.7748087, -90.7571768], "to_name": "Lee County GA SO"}, {"to": [34.161879, -85.8067773], "to_name": "Leesburg AL PD"}, {"to": [38.0524589, -84.488323], "to_name": "Lexington SC PD"}, {"to": [36.1945241, -95.1730401], "to_name": "Locust Grove GA PD"}]}, {"from": [36.0846322, -114.9238074], "from_name": "Henderson", "sharing_count": 367, "connections": [{"to": [34.367673, -84.9346812], "to_name": "Adairsville GA PD"}, {"to": [42.7096679, -89.4388631], "to_name": "Albany GA PD"}, {"to": [41.6106512, -93.4691756], "to_name": "Altoona IA PD"}, {"to": [39.2104476, -84.43037], "to_name": "Amberley Village OH PD"}, {"to": [40.4686924, -122.3166197], "to_name": "Anderson SC PD"}, {"to": [33.9590178, -83.3759883], "to_name": "Athens-Clarke County GA PD"}, {"to": [33.8393096, -84.3798045], "to_name": "Atlanta GA PD"}, {"to": [43.4424252, -71.4807916], "to_name": "Belmont NC PD"}, {"to": [35.6187644, -82.321325], "to_name": "Black Mountain NC PD"}, {"to": [42.5986219, -97.6461803], "to_name": "Bloomfield NM PD"}, {"to": [39.2365702, -84.3891747], "to_name": "Blue Ash OH PD"}, {"to": [41.6913812, -98.0022418], "to_name": "Boone County AR SO"}, {"to": [42.0614767, -93.8803289], "to_name": "Boone NC PD"}, {"to": [36.6413055, -93.2177808], "to_name": "Branson MO PD"}, {"to": [39.8765897, -75.3919594], "to_name": "Brookhaven GA PD"}, {"to": [34.058518, -78.1650494], "to_name": "Brunswick County VA SO"}, {"to": [35.7500856, -81.5246593], "to_name": "Burke County NC SO"}, {"to": [41.7487949, -87.9165708], "to_name": "Burr Ridge IL PD"}, {"to": [37.8170167, -96.8507944], "to_name": "Butler County OH SO"}, {"to": [42.1264003, -89.2586456], "to_name": "Byron GA PD"}, {"to": [35.4093208, -80.5780352], "to_name": "Cabarrus County NC SO"}, {"to": [37.1089941, -87.8819482], "to_name": "Caldwell County NC SO"}, {"to": [42.3952005, -94.634141], "to_name": "Calhoun County AL SO"}, {"to": [39.9436364, -75.1162321], "to_name": "Camden SC PD"}, {"to": [42.1563416, -71.1490706], "to_name": "Canton GA PD"}, {"to": [34.0438313, -77.8979659], "to_name": "Carolina Beach NC PD"}, {"to": [32.9763291, -96.8868377], "to_name": "Carrollton GA PD"}, {"to": [34.7194392, -76.6619935], "to_name": "Carteret County NC SO"}, {"to": [34.1772988, -84.8110651], "to_name": "Cartersville GA PD"}, {"to": [34.9094593, -80.8789325], "to_name": "Catawba Nation Tribal SC PD"}, {"to": [39.6143413, -84.1647792], "to_name": "Centerville GA PD"}, {"to": [34.3278559, -78.8260055], "to_name": "Chadbourn NC PD"}, {"to": [32.5706099, -80.2814686], "to_name": "Charleston County SC SO"}, {"to": [32.7892331, -79.959561], "to_name": "Charleston SC PD"}, {"to": [35.3032745, -80.7508115], "to_name": "Charlotte Mecklenburg NC PD"}, {"to": [31.9860119, -81.074495], "to_name": "Chatham County GA PD"}, {"to": [31.8090053, -95.1511419], "to_name": "Cherokee County GA SO"}, {"to": [37.4376959, -77.6851893], "to_name": "Chesterfield County VA PD"}, {"to": [41.6114413, -87.0626767], "to_name": "Chesterton IN PD"}, {"to": [46.4135048, -117.0445176], "to_name": "Clarkston GA PD"}, {"to": [37.0366667, -78.9416667], "to_name": "Clarksville VA PD"}, {"to": [42.8569295, -91.3979155], "to_name": "Clayton County GA PD"}, {"to": [42.8569295, -91.3979155], "to_name": "Clayton County GA SO"}, {"to": [37.504355, -97.5053661], "to_name": "Clearwater FL PD"}, {"to": [34.6899637, -82.8303569], "to_name": "Clemson SC PD"}, {"to": [33.9583301, -92.1896921], "to_name": "Cleveland County NC SO"}, {"to": [33.917025, -84.4751928], "to_name": "Cobb County GA PD"}, {"to": [33.917025, -84.4751928], "to_name": "Cobb County GA SO"}, {"to": [26.2589691, -80.1878496], "to_name": "Coconut Creek FL PD"}, {"to": [37.0374657, -95.6160586], "to_name": "Coffeyville KS PD"}, {"to": [33.6539835, -84.451826], "to_name": "College Park GA PD"}, {"to": [43.3139493, -89.5268329], "to_name": "Columbia County GA SO"}, {"to": [34.3368664, -78.7197828], "to_name": "Columbus County NC SO"}, {"to": [45.6410472, -109.2535074], "to_name": "Columbus GA PD"}, {"to": [45.6410472, -109.2535074], "to_name": "Columbus NC PD"}, {"to": [42.4564957, -71.34396], "to_name": "Concord NC PD"}, {"to": [35.7083888, -81.2174425], "to_name": "Conover NC PD"}, {"to": [36.1190277, -78.6872999], "to_name": "Creedmoor NC PD"}, {"to": [31.8321636, -83.7410369], "to_name": "Crisp County GA SO"}, {"to": [37.4964971, -78.2453806], "to_name": "Cumberland County TN SO"}, {"to": [35.9168022, -75.6865171], "to_name": "Dare County NC SO"}, {"to": [34.5525831, -86.9785574], "to_name": "Decatur GA PD"}, {"to": [33.8423769, -84.2702974], "to_name": "DeKalb County GA PD"}, {"to": [43.4451147, -88.7515253], "to_name": "Dodge County GA SO"}, {"to": [35.3066902, -78.6067317], "to_name": "Dunn NC PD"}, {"to": [33.9370759, -84.3387023], "to_name": "Dunwoody GA PD"}, {"to": [36.0768766, -78.910309], "to_name": "Durham NC PD"}, {"to": [33.325908, -83.3908239], "to_name": "Eatonton GA PD"}, {"to": [35.9088673, -77.5602166], "to_name": "Edgecombe County NC SO"}, {"to": [36.3472997, -82.2151232], "to_name": "Elizabethton TN PD"}, {"to": [34.630833, -78.6142694], "to_name": "Elizabethtown KY PD"}, {"to": [34.630833, -78.6142694], "to_name": "Elizabethtown NC PD"}, {"to": [34.6970661, -84.4805323], "to_name": "Ellijay GA PD"}, {"to": [42.2830659, -96.7261369], "to_name": "Emerson GA PD"}, {"to": [30.5261311, -87.2725191], "to_name": "Escambia County FL SO"}, {"to": [34.4934796, -79.1139776], "to_name": "Fairmont NC PD"}, {"to": [33.4448326, -84.4511561], "to_name": "Fayette County TN SO"}, {"to": [35.065169, -78.9671766], "to_name": "Fayetteville GA PD"}, {"to": [36.0664988, -80.277008], "to_name": "Forsyth County GA SO"}, {"to": [36.0664988, -80.277008], "to_name": "Forsyth County NC SO"}, {"to": [32.6787303, -97.4150054], "to_name": "Fort Worth TX PD"}, {"to": [29.7339136, -84.9125293], "to_name": "Franklin County GA SO"}, {"to": [29.7339136, -84.9125293], "to_name": "Franklin County NC SO"}, {"to": [34.2836794, -83.1527548], "to_name": "Franklin Springs GA PD"}, {"to": [30.8434442, -90.1558106], "to_name": "Franklinton NC PD"}, {"to": [43.01815, -74.3507127], "to_name": "Fulton County GA SO"}, {"to": [34.9288266, -82.4353549], "to_name": "Furman University SC PD"}, {"to": [29.6454883, -82.2940577], "to_name": "Gainesville GA PD"}, {"to": [43.1002382, -93.6029894], "to_name": "Garner NC PD"}, {"to": [35.2627934, -81.1887477], "to_name": "Gaston County NC PD"}, {"to": [35.7254319, -83.4801133], "to_name": "Gatlinburg TN PD"}, {"to": [33.0887246, -83.2890147], "to_name": "Georgia Bureau of Investigation"}, {"to": [34.761137, -82.3839699], "to_name": "Greenville County SC SO"}, {"to": [30.4695443, -83.6316215], "to_name": "Greenville GA PD"}, {"to": [30.4695443, -83.6316215], "to_name": "Greenville SC PD"}, {"to": [34.9383865, -82.2280358], "to_name": "Greer SC PD"}, {"to": [34.065752, -83.9722583], "to_name": "Gwinnett County GA PD"}, {"to": [34.065752, -83.9722583], "to_name": "Gwinnett County GA SO"}, {"to": [34.7207069, -100.5292367], "to_name": "Hall County GA SO"}, {"to": [46.585886, -112.0363446], "to_name": "Helena AL PD"}, {"to": [36.0396268, -114.9816702], "to_name": "Henderson NC PD"}, {"to": [38.3726476, -93.7755785], "to_name": "Henry County GA PD"}, {"to": [34.9791896, -79.2171194], "to_name": "Hoke County NC SO"}, {"to": [29.6304288, -95.151581], "to_name": "Houston TX PD"}, {"to": [44.988143, -92.7574868], "to_name": "Hudson NC PD"}, {"to": [34.7384134, -86.5978729], "to_name": "Huntsville AL PD"}, {"to": [42.2224439, -84.3654651], "to_name": "Jackson County NC SO"}, {"to": [36.0089202, -93.1871203], "to_name": "Jasper AL PD"}, {"to": [38.3412014, -90.3986971], "to_name": "Jefferson County MO SO"}, {"to": [42.9913631, -88.8161868], "to_name": "Jefferson GA PD"}, {"to": [34.0204383, -84.271675], "to_name": "Johns Creek GA PD"}, {"to": [35.8428641, -90.6819974], "to_name": "Jonesboro AR PD"}, {"to": [42.6089858, -97.8775056], "to_name": "Knox County TN SO"}, {"to": [41.3166634, -93.0963149], "to_name": "Knoxville TN PD"}, {"to": [41.8148396, -87.8735614], "to_name": "LaGrange KY PD"}, {"to": [35.8170773, -90.4320643], "to_name": "Lake City GA PD"}, {"to": [26.6501872, -80.0766782], "to_name": "Lake Clarke Shores FL PD"}, {"to": [37.7711575, -76.4654291], "to_name": "Lancaster County SC SO"}, {"to": [26.5873592, -80.0671642], "to_name": "Lantana FL PD"}, {"to": [34.4348229, -83.1071024], "to_name": "Lavonia GA PD"}, {"to": [34.7748087, -90.7571768], "to_name": "Lee County GA SO"}, {"to": [34.161879, -85.8067773], "to_name": "Leesburg AL PD"}, {"to": [38.0524589, -84.488323], "to_name": "Lexington SC PD"}, {"to": [36.1945241, -95.1730401], "to_name": "Locust Grove GA PD"}]}]}